TICKER|COMPANY|TRADES|LAST_PRICE|PRICE_CHANGE
PMAM3|Paranapanema|80541400|0.41|-16.33
B3SA3|B3|57684700|17.29|-1.98
PETR4|Petrobras|40391600|48.42|+0.69
CSNA3|Siderúrgica Nacional|35630700|7.11|+7.40
BBAS3|Banco do Brasil|30236100|22.18|-1.86
BBDC4|Banco Bradesco|30056500|17.79|-2.36
MGLU3|Magazine Luiza|29970400|5.57|-4.46
ITUB4|Itaú Unibanco|29329700|41.59|-1.98
COGN3|Cogna|28063900|2.37|-3.27
CSAN3|Cosan|24601200|3.79|-3.07
ITSA4|Itaúsa|24334900|13.91|-1.97
ABEV3|Ambev|22611500|15.58|-1.52
BRSR6|Banrisul|21142000|15.01|+1.28
CVCB3|CVC|19835700|1.65|-9.84
RAIZ4|Raízen|19647100|0.26|-7.14
VALE3|Vale|19118100|79.10|+0.10
LREN3|Lojas Renner|17256600|11.34|-2.41
VAMO3|Grupo Vamos|16415400|3.37|-4.53
CMIG4|Cemig|16040600|11.33|-3.16
BEEF3|Minerva|15318800|3.95|-0.25
PRIO3|PetroRio|15138900|62.52|+0.84
AXIA3|Axia Energia|13335500|55.08|-1.87
USIM5|Usiminas|13235500|7.63|+0.93
CPLE3|Copel|13105600|15.98|-0.12
POMO4|Marcopolo|12839500|4.46|-2.83
BPAC11|Banco BTG Pactual|12264400|59.06|-2.43
SBSP3|Sabesp|12181700|26.70|-0.48
MOTV3|Motiva|11929200|16.38|+0.61
RAIL3|Rumo|11290900|14.50|-0.34
VBBR3|Vibra Energia|10896700|37.95|+1.23
YDUQ3|YDUQS|10288300|10.20|+2.51
CYRE3|Cyrela|10080500|25.11|-1.68
DIRR3|Direcional|9907400|10.93|-4.37
GGBR4|Gerdau|9746900|25.41|-1.13
CMIN3|CSN Mineração|9244700|6.96|+3.57
SLCE3|SLC Agrícola|8937200|17.88|+6.11
RDOR3|Rede D'Or|8738800|36.93|-1.41
BBDC3|Banco Bradesco|8701800|15.83|-1.31
UGPA3|Ultrapar|8563300|38.40|+0.95
ONCO3|Oncoclínicas|8411600|1.17|-2.50
HAPV3|Hapvida|8138600|7.00|-2.64
WEGE3|WEG|8047200|51.69|-1.82
PETR3|Petrobras|7943200|53.69|+0.85
EQTL3|Equatorial Energia|7564100|38.81|-1.12
TIMS3|TIM|7210700|19.39|+1.47
RENT3|Localiza|7117400|35.72|-3.07
MRVE3|MRV|7111800|5.64|-2.93
BBSE3|BB Seguridade|6808900|40.91|-3.40
PGMN3|Pague Menos|6757800|3.73|-4.36
RADL3|RaiaDrogasil|6662700|19.60|-4.02
SMFT3|Smart Fit|6626600|17.65|-1.67
SAUD3|Odontoprev|6525900|14.60|-2.08
CEAB3|C&A|6444200|9.08|-2.99
ANIM3|Ânima Educação|6288500|2.91|-4.59
GOAU4|Metalúrgica Gerdau|6230900|11.22|+0.09
ASAI3|Assaí|5988400|9.20|+0.77
MOVI3|Movida|5973000|7.73|-5.85
ENEV3|Eneva|5732700|27.33|-1.30
ISAE4|ISA Energia|5578300|27.69|-0.75
VULC3|Vulcabras|5477600|12.98|-0.69
SUZB3|Suzano|5344700|47.23|+0.43
FLRY3|Fleury|5222500|20.35|-2.07
SIMH3|Simpar|5034700|7.65|-8.16
EMBJ3|Embraer|4756100|95.27|+1.10
TOTS3|Totvs|4614500|33.17|-3.27
QUAL3|Qualicorp|4604100|1.47|-4.55
AUAU3|União Pet|4528400|3.85|-5.17
VIVT3|Vivo|4409300|30.20|+0.57
BRKM5|Braskem|4363300|5.01|+1.21
SBFG3|Grupo SBF|4257200|8.76|-2.12
MBRF3|Marfrig|4220900|17.16|-2.33
TEND3|Construtora Tenda|4193600|33.04|-6.03
ECOR3|EcoRodovias|4119300|7.90|-2.59
GRND3|Grendene|4053300|3.73|-1.06
AZZA3|Arezzo|4002600|16.64|-2.40
ALOS3|Allos|3908600|28.52|-2.40
RCSL4|Recrusul|3833000|0.42|+0.00
CXSE3|Caixa Seguridade|3832200|19.77|-2.71
EZTC3|EZTEC|3681200|12.79|-1.54
KLBN11|Klabin|3619700|19.53|-0.41
CSMG3|COPASA|3558600|55.53|-2.12
ALPA4|Alpargatas|3557300|13.25|+1.53
AZTE3|AZT Energia|3452000|1.73|+15.33
ORVR3|Orizon|3265200|17.50|+0.00
AZEV4|Azevedo & Travassos|3264800|1.41|-2.08
BHIA3|Casas Bahia|3250500|0.65|-2.99
LWSA3|Locaweb|3201600|3.99|-1.72
EGIE3|Engie|3183600|30.73|-0.52
JHSF3|JHSF|3161400|11.60|+0.35
SANB11|Banco Santander|2993400|29.96|-1.41
LIGT3|Light|2962900|3.64|+1.11
MULT3|Multiplan|2872800|29.87|-1.55
ENGI11|Energisa|2859300|50.46|-2.00
AURE3|Auren Energia|2725400|11.94|-1.65
KLBN4|Klabin|2690300|3.85|-0.26
BRAV3|3R Petroleum|2672000|18.42|+0.93
NATU3|NATURA|2657200|8.80|-1.12
ARML3|Armac|2478900|3.91|-5.33
PLPL3|Plano&Plano|2462800|6.95|-6.08
CURY3|Cury|2454600|32.27|-3.64
GGPS3|GPS|2454100|12.96|-0.77
MLAS3|Multilaser|2405400|1.83|+0.55
BRAP4|Bradespar|2330400|22.57|-1.44
CPFE3|CPFL Energia|2318500|46.00|-2.79
GMAT3|Grupo Mateus|2285500|4.73|-1.25
IGTI11|Iguatemi|2093400|25.98|-1.74
IGTI11|Jereissati Participações|2093400|25.98|-1.74
ITUB3|Itaú Unibanco|2079000|45.61|-1.51
RECV3|PetroRecôncavo|1982400|11.42|+1.51
CBAV3|CBA|1940000|11.25|+0.99
AXIA7|Axia Energia|1773900|55.19|-1.45
TTEN3|3tentos|1708800|11.49|+0.79
POMO3|Marcopolo|1690700|4.18|-3.02
OBTC3|OrangeBTC|1676300|7.49|+7.15
DXCO3|Dexco|1661700|5.48|-4.36
IRBR3|IRB Brasil RE|1627900|60.95|-2.20
RIAA3|Guararapes|1609700|7.10|-4.57
AZEV3|Azevedo & Travassos|1609300|7.32|-12.34
CAML3|Camil Alimentos|1522500|5.00|+0.00
SAPR4|Sanepar|1490200|6.89|-2.13
AMER3|Americanas|1469300|5.27|-2.77
PCAR3|Grupo Pão de Açúcar|1468300|2.78|-1.42
HYPE3|Hypera|1385800|22.59|-2.12
TAEE11|Taesa|1374300|40.87|-2.30
VIVA3|Vivara|1298400|22.38|-1.84
PSSA3|Porto Seguro|1297900|50.80|-0.68
BMGB4|Banco BMG|1265300|5.78|-0.69
EVEN3|Even|1247500|4.15|-3.26
LJQQ3|Lojas Quero-Quero|1230700|1.28|+2.40
SMTO3|São Martinho|1229700|20.25|-1.60
MTRE3|Mitre Realty|1222200|3.46|-0.86
AMAR3|Lojas Marisa|1212100|0.90|+15.38
CASH3|Méliuz|1201900|5.43|+1.69
RAPT4|Randon|1199300|4.89|-0.20
PINE4|Banco Pine|1178500|11.34|+0.62
JALL3|Jalles Machado|1156100|2.53|-1.17
USIM3|Usiminas|1141800|7.15|+0.99
GFSA3|Gafisa|1128500|0.21|+0.00
SAPR11|Sanepar|1025300|35.08|-3.12
HBSA3|Hidrovias do Brasil|1023000|3.38|+0.90
MDNE3|Moura Dubeux|997300|25.27|-3.92
SOJA3|Boa Safra Sementes|920900|7.95|+0.25
KEPL3|Kepler Weber|890900|6.77|+0.59
JSLG3|JSL|859400|5.98|-0.17
FIQE3|Unifique|843900|5.09|+0.59
KLBN3|Klabin|837700|4.13|+0.00
SEER3|Ser Educacional|791400|13.67|-2.64
MDIA3|M Dias Branco|785100|17.23|+0.35
VVEO3|Viveo|784300|0.79|-2.47
PNVL3|Dimed|750400|12.69|-2.53
FESA4|Ferbasa|746100|5.86|-0.51
PTBL3|Portobello|733700|1.58|+3.27
LAVV3|Lavvi Incorporadora|731800|10.62|-3.28
PASS3|COMPASS|701600|23.80|-0.67
UNIP6|Unipar|675100|56.66|-1.13
INTB3|Intelbras|664800|15.16|+0.13
DASA3|Dasa|661600|2.69|-2.54
MYPK3|Iochpe-Maxion|651600|9.68|-0.82
RANI3|Irani|637700|7.81|-0.76
TFCO4|Track & Field|624300|12.64|-2.39
OPCT3|OceanPact|616100|11.10|-1.33
VSTE3|LE LIS BLANC|606600|2.11|-8.26
POSI3|Positivo|605200|3.40|-0.87
ENJU3|Enjoei|585400|0.77|-2.53
VTRU3|VITRUBREPCOM|562600|14.49|-1.29
ALUP11|Alupar|558600|33.39|-1.53
PRNR3|Priner|515100|17.85|-0.83
DESK3|Desktop|503700|19.02|+0.74
TASA4|Taurus|493300|5.84|+0.86
BMOB3|Bemobi|451700|25.54|-0.78
CSED3|Cruzeiro do Sul Educacional|434300|5.49|-1.08
MILS3|Mills|432900|15.82|+0.38
ABCB4|Banco ABC Brasil|426800|24.65|+0.24
MELK3|Melnick|407400|3.00|+2.74
SEQL3|Sequoia Logística|406100|0.06|-14.29
ALLD3|Allied|381900|5.10|-1.92
AMBP3|Ambipar|379900|0.14|+0.00
SYNE3|SYN|361800|3.72|-2.36
SHUL4|Schulz|358700|4.46|-1.11
AGRO3|BrasilAgro|337800|19.23|+0.58
LPSB3|Lopes|312100|1.28|-1.54
LOGG3|LOG CP|297000|23.70|-2.35
HBRE3|HBR Realty|283800|2.64|-0.38
WIZC3|Wiz Soluções|278700|7.91|-1.12
BLAU3|Blau Farmacêutica|268400|9.87|+2.92
HBOR3|Helbor|265600|2.13|-1.39
TAEE4|Taesa|248300|13.86|-1.14
TUPY3|Tupy|237900|15.34|-2.79
RCSL3|Recrusul|215900|0.42|-2.33
BRBI11|BR Partners|192700|14.27|+0.71
TGMA3|Tegma|186300|34.06|+0.18
TRIS3|Trisul|179100|4.92|-1.80
FRAS3|Fras-le|168700|23.14|+1.22
LEVE3|Mahle Metal Leve|157900|32.75|-0.58
MATD3|Mater Dei|156000|4.98|-1.78
ALPK3|Estapar|151000|4.32|-1.14
BRST3|Brisanet|149800|2.81|-1.40
MEAL3|IMC Alimentação|149000|0.74|+5.71
IFCM3|Infracommerce|143300|1.68|-2.89
LAND3|Terra Santa|143200|10.00|+3.84
CYRE4|Cyrela|142600|23.83|-1.12
SANB4|Banco Santander|131000|14.80|-1.92
VLID3|Valid|129300|17.70|-1.99
VITT3|Vittia|123300|3.18|+1.27
CMIG3|Cemig|116600|17.35|-1.03
ITSA3|Itaúsa|100400|14.06|-2.09
ROMI3|Indústrias ROMI|98200|5.96|-1.81
ETER3|Eternit|91900|3.71|-2.37
RENT4|Localiza|89500|34.74|-3.50
AZUL3|Azul|87200|18.28|-3.08
TAEE3|Taesa|83100|13.44|-2.11
SAPR3|Sanepar|82700|7.83|-0.51
IGTI3|Iguatemi|81100|3.22|-2.72
IGTI3|Jereissati Participações|81100|3.22|-2.72
SANB3|Banco Santander|79200|14.89|-1.00
EUCA4|Eucatex|75100|20.90|-3.06
TECN3|Technos|74500|9.97|+1.42
PFRM3|Profarma|74300|7.65|-1.03
GOAU3|Metalúrgica Gerdau|72600|10.06|-0.49
ESPA3|Espaçolaser|70500|7.02|-1.96
BRKM3|Braskem|64200|4.27|-0.47
DOTZ3|Dotz|52500|9.57|-4.30
AGXY3|AgroGalaxy|47300|1.25|-2.34
DEXP3|Dexxos|45900|7.55|+0.53
RAPT3|Randon|44200|8.49|-0.12
BSLI3|Banco de Brasília|44100|2.59|+3.60
TCSA3|Tecnisa|44100|0.65|+0.00
ATED3|ATOM EDUCAÇÃO E EDITORA SA|34800|1.23|-3.15
AALR3|Alliança|30700|3.33|+0.91
AERI3|Aeris Energy|30300|2.10|+0.96
CSUD3|CSU Cardsystem|28700|14.02|-1.06
BRAP3|Bradespar|26700|19.49|+0.78
AZEV11|Azevedo & Travassos|24600|0.13|-7.14
BIOM3|Biomm|24200|6.56|-3.39
DMVF3|D1000 Varejo Farma|22400|6.17|-0.96
PDGR3|PDG Realty|22400|1.13|-4.24
GGBR3|Gerdau|14600|21.87|-0.64
TASA3|Taurus|14500|5.89|-0.51
MNPR3|Minupar|14200|4.17|-0.24
RNEW4|Renova Energia|13600|0.85|-1.16
HAGA4|Haga|12000|1.97|+1.03
PDTC3|Padtec|11900|1.64|+1.86
SCAR3|São Carlos|11500|12.90|-0.77
MGEL4|Mangels|11500|5.15|-3.56
LUPA3|Lupatech|11400|3.62|-2.16
EPAR3|Embpar Participações|11000|1.31|-2.96
EQPA3|Equatorial Energia Pará|10900|5.46|-0.73
AMOB3|Automob|10800|11.84|-3.66
BOBR4|Bombril|10100|1.33|-0.75
TPIS3|Triunfo|8700|10.05|+0.90
ALUP4|Alupar|7600|10.86|-1.90
BMEB4|Banco Mercantil do Brasil|7300|61.44|-0.23
CEBR3|CEB|7300|23.60|+0.25
ALPA3|Alpargatas|7300|10.04|+0.40
ENGI4|Energisa|7200|9.64|-1.93
BEES3|Banestes|7200|8.92|+0.11
UCAS3|Unicasa|6900|1.15|-1.71
RNEW3|Renova Energia|6500|0.86|-1.15
WEST3|Westwing|6400|2.85|-1.72
WDCN3|WDC Networks|6300|2.63|-0.75
UNIP3|Unipar|6200|57.09|+1.76
CEBR5|CEB|5600|23.64|-0.17
CGRA4|Grazziotin|5500|22.82|+0.00
BPAC3|Banco BTG Pactual|5300|23.80|+0.00
BRSR3|Banrisul|5300|17.95|+0.96
CAMB3|Cambuci|5100|8.48|-0.12
LOGN3|Log-In|5000|28.00|+0.00
CRPG5|Tronox Pigmentos|5000|8.85|-1.01
BSLI4|Banco de Brasília|4900|2.58|-0.77
JFEN3|João Fortes|4400|0.43|-4.44
RSUL4|Metalúrgica Riosulense|4200|37.96|-1.25
DEXP4|Dexxos|4100|7.50|+0.13
NEXP3|Brasil Brokers|4100|2.33|+0.00
FHER3|Fertilizantes Heringer|3800|3.08|+0.98
BEES4|Banestes|3500|9.03|-0.11
CLSC4|Celesc|3400|157.37|-0.06
BIED3|Bioma|3400|5.40|-6.41
BAZA3|Banco da Amazônia|2900|68.31|-1.70
OFSA3|Ourofino Saúde Animal|2900|27.48|+0.00
ENGI3|Energisa|2900|12.14|-1.78
HAGA3|Haga|2800|2.67|+2.30
COCE5|Coelce|2600|30.90|-1.12
PINE3|Banco Pine|2600|10.74|-1.29
TOKY3|Toky|2600|10.70|-0.47
CGRA3|Grazziotin|2500|22.81|-4.00
ALUP3|Alupar|2500|11.75|+0.86
ESTR4|Estrela|2400|1.47|+17.60
INEP4|Inepar|2400|1.40|+3.70
CEBR6|CEB|2300|27.70|-1.04
WHRL4|Whirlpool|2000|3.75|+0.27
LUXM4|Trevisa|1900|2.68|-1.47
HOOT4|Hotéis Othon|1700|8.60|+3.61
IGTI4|Jereissati Participações|1500|11.55|-3.67
IGTI4|Iguatemi|1500|11.55|-3.67
INEP3|Inepar|1500|1.43|-0.69
ISAE3|ISA Energia|1400|33.16|+0.76
BPAC5|Banco BTG Pactual|1400|20.45|-1.59
VIVR3|Viver|1400|1.50|-1.32
CGAS5|Comgás|1300|120.80|-0.37
NUTR3|Nutriplant|1200|2.20|+0.00
WLMM4|WLM|1100|15.50|-0.58
CTAX3|Contax|1100|1.64|+3.80
WHRL3|Whirlpool|900|3.63|+2.25
EUCA3|Eucatex|800|20.90|-0.57
MNDL3|Mundial|800|19.10|+0.53
EQMA3B|Equatorial Maranhão|700|28.99|-0.85
FESA3|Ferbasa|700|9.83|+0.31
NORD3|Nordon|700|1.44|+4.35
AVLL3|Alphaville|600|6.37|-2.00
REDE3|Rede Energia|600|5.57|+0.54
PLAS3|Plascar|600|2.60|+0.00
BRSR5|Banrisul|500|17.50|-2.78
MTSA4|Metisa|400|46.99|+0.53
EMAE4|EMAE|400|34.99|+0.00
DOHL4|Döhler|400|3.69|+0.54
BMEB3|Banco Mercantil do Brasil|300|51.74|-0.44
CEEB3|COELBA|300|46.40|-2.01
OSXB3|OSX Brasil|300|1.05|-14.63
PEAB4|Participações Aliança da Bahia|200|38.52|-0.90
ENMT3|Energisa MT|200|36.74|+2.91
BGIP4|Banese|200|33.90|-0.29
BMIN4|Banco Mercantil de Investimentos|200|20.00|-4.76
BALM4|Baumer|200|15.00|+1.35
EALT3|Electro Aço Altona|200|12.49|-0.08
TELB4|Telebras|200|8.08|-0.12
UNIP5|Unipar|100|57.57|-0.23
ENMT4|Energisa MT|100|36.20|+2.72
TELB3|Telebras|100|16.90|-5.38
EALT4|Electro Aço Altona|100|11.40|+2.33
AFLT3|Afluente T|100|7.29|-1.35
BRKM6|Braskem|100|7.00|+0.00
CEDO4|Cedro Têxtil|100|5.16|+0.78
BDLL3|Bardella|100|5.01|+11.33
BMKS3|Monark|28|372.01|-1.32
RVEE3|REVEE|1600|0.74|+7.25
RVEE3|REVEE SA|1600|0.74|+7.25
BDLL4|Bardella|1300|3.25|+0.00
SNSY5|Sansuy|1100|2.29|+0.00
CTKA4|Karsten|900|33.40|+7.71
ARND3|Arandu|800|0.51|+0.00
B1003|B1003|600|30.00|-6.25
FIEI3|Fica|600|7.50|+0.13
GEPA3|Rio Paranapanema Energia|300|33.60|-0.33
JOPA4|Josapar|300|18.00|+0.00
GEPA4|Rio Paranapanema Energia|200|36.99|+2.01
MWET4|Wetzel|200|30.98|-2.85
PATI3|Panatlântica|200|30.77|+6.14
AHEB3|São Paulo Turismo|200|23.01|-3.68
CLSC3|Celesc|100|132.03|-1.46
MRSA3B|MRS Logística|100|44.50|+5.93
MSPA4|Melhoramentos|100|34.00|-3.16
BALM3|Baumer|100|25.90|-0.38
JOPA3|Josapar|100|17.90|+4.68
CBEE3|Ampla Energia|100|8.81|-0.11
HETA4|Hercules|100|5.10|+6.25
EKTR4|Elektro|400|38.00|+0.00
BGIP3|Banese|200|46.37|+1.47
BNBR3|Banco do Nordeste|100|109.25|+2.10
CEED3|CEEE D|100|10.00|+0.00
MAPT3|Cemepe|100|2.06|-17.60
BIOM11|Biomm|100|2.01|+0.00
CRPG6|Tronox Pigmentos|500|9.45|-3.08
BAUH4|Excelsior|100|93.39|-0.54
SOND6|Sondotécnica|100|78.56|-1.21
MWET3|Wetzel|100|24.50|+4.75
EQPA5|Equatorial Energia Pará|100|9.78|-1.11
CGAS3|Comgás|200|125.69|+0.24
RPAD3|Alfa Holdings|100|7.00|+0.00
SHOW3|Time For Fun|9400|6.24|-4.73
PSVM11|PORTO VM|4000|16.00|+0.00
PEAB3|Participações Aliança da Bahia|3900|38.86|+0.00
DTCY3|Dtcom|200|1.95|-2.50
COCE3|Coelce|100|28.80|+0.00
USIM6|Usiminas|100|6.47|+0.00
CEGR3|Naturgy (CEG)|600|35.00|+16.67
FICT3|Fictor Alimentos|8100|0.19|+0.00
PATI4|Panatlântica|300|30.37|+10.00
SOND5|Sondotécnica|200|82.10|+2.62
MRSA6B|MRS Logística|100|34.89|-0.03
PPLA11|PPLA|40|38.03|+0.00
